Date,Career Progress,Career Reflection,Career Action Plan,Self-care Progress,Self-care Reflection,Self-care Action Plan,Future Planning Progress,Future Planning Reflection,Future Planning Action Plan
21-Jan-25,Worked on DSA practice,Went well: made progress; Challenge: time management on DSA practice,Plan: allocate focused slot for DSA practice review,Completed Meditation,Went well: felt restorative; Challenge: staying consistent with Meditation,Plan: set reminder for tomorrow's Meditation,Completed Internship research,Went well: gathered info; Challenge: decision fatigue on Internship research,Plan: list pros/cons for Internship research
22-Jan-25,Worked on Python project,Went well: made progress; Challenge: time management on Python project,Plan: allocate focused slot for Python project review,Completed Yoga session,Went well: felt restorative; Challenge: staying consistent with Yoga session,Plan: set reminder for tomorrow's Yoga session,Completed University shortlist,Went well: gathered info; Challenge: decision fatigue on University shortlist,Plan: list pros/cons for University shortlist
23-Jan-25,Worked on AI fundamentals,Went well: made progress; Challenge: time management on AI fundamentals,Plan: allocate focused slot for AI fundamentals review,Completed Jogging,Went well: felt restorative; Challenge: staying consistent with Jogging,Plan: set reminder for tomorrow's Jogging,Completed Scholarship options,Went well: gathered info; Challenge: decision fatigue on Scholarship options,Plan: list pros/cons for Scholarship options
24-Jan-25,Worked on LeetCode problems,Went well: made progress; Challenge: time management on LeetCode problems,Plan: allocate focused slot for LeetCode problems review,Completed Journaling,Went well: felt restorative; Challenge: staying consistent with Journaling,Plan: set reminder for tomorrow's Journaling,Completed Resume update,Went well: gathered info; Challenge: decision fatigue on Resume update,Plan: list pros/cons for Resume update
25-Jan-25,Worked on Prompt engineering,Went well: made progress; Challenge: time management on Prompt engineering,Plan: allocate focused slot for Prompt engineering review,Completed Healthy meal prep,Went well: felt restorative; Challenge: staying consistent with Healthy meal prep,Plan: set reminder for tomorrow's Healthy meal prep,Completed Networking outreach,Went well: gathered info; Challenge: decision fatigue on Networking outreach,Plan: list pros/cons for Networking outreach
26-Jan-25,Worked on Generative AI course,Went well: made progress; Challenge: time management on Generative AI course,Plan: allocate focused slot for Generative AI course review,Completed Adequate sleep,Went well: felt restorative; Challenge: staying consistent with Adequate sleep,Plan: set reminder for tomorrow's Adequate sleep,Completed Skill gap analysis,Went well: gathered info; Challenge: decision fatigue on Skill gap analysis,Plan: list pros/cons for Skill gap analysis
27-Jan-25,Worked on DSA practice,Went well: made progress; Challenge: time management on DSA practice,Plan: allocate focused slot for DSA practice review,Completed Meditation,Went well: felt restorative; Challenge: staying consistent with Meditation,Plan: set reminder for tomorrow's Meditation,Completed Internship research,Went well: gathered info; Challenge: decision fatigue on Internship research,Plan: list pros/cons for Internship research
28-Jan-25,Worked on Python project,Went well: made progress; Challenge: time management on Python project,Plan: allocate focused slot for Python project review,Completed Yoga session,Went well: felt restorative; Challenge: staying consistent with Yoga session,Plan: set reminder for tomorrow's Yoga session,Completed University shortlist,Went well: gathered info; Challenge: decision fatigue on University shortlist,Plan: list pros/cons for University shortlist
29-Jan-25,Worked on AI fundamentals,Went well: made progress; Challenge: time management on AI fundamentals,Plan: allocate focused slot for AI fundamentals review,Completed Jogging,Went well: felt restorative; Challenge: staying consistent with Jogging,Plan: set reminder for tomorrow's Jogging,Completed Scholarship options,Went well: gathered info; Challenge: decision fatigue on Scholarship options,Plan: list pros/cons for Scholarship options
30-Jan-25,Worked on LeetCode problems,Went well: made progress; Challenge: time management on LeetCode problems,Plan: allocate focused slot for LeetCode problems review,Completed Journaling,Went well: felt restorative; Challenge: staying consistent with Journaling,Plan: set reminder for tomorrow's Journaling,Completed Resume update,Went well: gathered info; Challenge: decision fatigue on Resume update,Plan: list pros/cons for Resume update
31-Jan-25,Worked on Prompt engineering,Went well: made progress; Challenge: time management on Prompt engineering,Plan: allocate focused slot for Prompt engineering review,Completed Healthy meal prep,Went well: felt restorative; Challenge: staying consistent with Healthy meal prep,Plan: set reminder for tomorrow's Healthy meal prep,Completed Networking outreach,Went well: gathered info; Challenge: decision fatigue on Networking outreach,Plan: list pros/cons for Networking outreach
01-Feb-25,Worked on Generative AI course,Went well: made progress; Challenge: time management on Generative AI course,Plan: allocate focused slot for Generative AI course review,Completed Adequate sleep,Went well: felt restorative; Challenge: staying consistent with Adequate sleep,Plan: set reminder for tomorrow's Adequate sleep,Completed Skill gap analysis,Went well: gathered info; Challenge: decision fatigue on Skill gap analysis,Plan: list pros/cons for Skill gap analysis
02-Feb-25,Worked on DSA practice,Went well: made progress; Challenge: time management on DSA practice,Plan: allocate focused slot for DSA practice review,Completed Meditation,Went well: felt restorative; Challenge: staying consistent with Meditation,Plan: set reminder for tomorrow's Meditation,Completed Internship research,Went well: gathered info; Challenge: decision fatigue on Internship research,Plan: list pros/cons for Internship research
03-Feb-25,Worked on Python project,Went well: made progress; Challenge: time management on Python project,Plan: allocate focused slot for Python project review,Completed Yoga session,Went well: felt restorative; Challenge: staying consistent with Yoga session,Plan: set reminder for tomorrow's Yoga session,Completed University shortlist,Went well: gathered info; Challenge: decision fatigue on University shortlist,Plan: list pros/cons for University shortlist
04-Feb-25,Worked on AI fundamentals,Went well: made progress; Challenge: time management on AI fundamentals,Plan: allocate focused slot for AI fundamentals review,Completed Jogging,Went well: felt restorative; Challenge: staying consistent with Jogging,Plan: set reminder for tomorrow's Jogging,Completed Scholarship options,Went well: gathered info; Challenge: decision fatigue on Scholarship options,Plan: list pros/cons for Scholarship options
05-Feb-25,Worked on LeetCode problems,Went well: made progress; Challenge: time management on LeetCode problems,Plan: allocate focused slot for LeetCode problems review,Completed Journaling,Went well: felt restorative; Challenge: staying consistent with Journaling,Plan: set reminder for tomorrow's Journaling,Completed Resume update,Went well: gathered info; Challenge: decision fatigue on Resume update,Plan: list pros/cons for Resume update
06-Feb-25,Worked on Prompt engineering,Went well: made progress; Challenge: time management on Prompt engineering,Plan: allocate focused slot for Prompt engineering review,Completed Healthy meal prep,Went well: felt restorative; Challenge: staying consistent with Healthy meal prep,Plan: set reminder for tomorrow's Healthy meal prep,Completed Networking outreach,Went well: gathered info; Challenge: decision fatigue on Networking outreach,Plan: list pros/cons for Networking outreach
07-Feb-25,Worked on Generative AI course,Went well: made progress; Challenge: time management on Generative AI course,Plan: allocate focused slot for Generative AI course review,Completed Adequate sleep,Went well: felt restorative; Challenge: staying consistent with Adequate sleep,Plan: set reminder for tomorrow's Adequate sleep,Completed Skill gap analysis,Went well: gathered info; Challenge: decision fatigue on Skill gap analysis,Plan: list pros/cons for Skill gap analysis
08-Feb-25,Worked on DSA practice,Went well: made progress; Challenge: time management on DSA practice,Plan: allocate focused slot for DSA practice review,Completed Meditation,Went well: felt restorative; Challenge: staying consistent with Meditation,Plan: set reminder for tomorrow's Meditation,Completed Internship research,Went well: gathered info; Challenge: decision fatigue on Internship research,Plan: list pros/cons for Internship research
09-Feb-25,Worked on Python project,Went well: made progress; Challenge: time management on Python project,Plan: allocate focused slot for Python project review,Completed Yoga session,Went well: felt restorative; Challenge: staying consistent with Yoga session,Plan: set reminder for tomorrow's Yoga session,Completed University shortlist,Went well: gathered info; Challenge: decision fatigue on University shortlist,Plan: list pros/cons for University shortlist
10-Feb-25,Worked on AI fundamentals,Went well: made progress; Challenge: time management on AI fundamentals,Plan: allocate focused slot for AI fundamentals review,Completed Jogging,Went well: felt restorative; Challenge: staying consistent with Jogging,Plan: set reminder for tomorrow's Jogging,Completed Scholarship options,Went well: gathered info; Challenge: decision fatigue on Scholarship options,Plan: list pros/cons for Scholarship options
11-Feb-25,Worked on LeetCode problems,Went well: made progress; Challenge: time management on LeetCode problems,Plan: allocate focused slot for LeetCode problems review,Completed Journaling,Went well: felt restorative; Challenge: staying consistent with Journaling,Plan: set reminder for tomorrow's Journaling,Completed Resume update,Went well: gathered info; Challenge: decision fatigue on Resume update,Plan: list pros/cons for Resume update
12-Feb-25,Worked on Prompt engineering,Went well: made progress; Challenge: time management on Prompt engineering,Plan: allocate focused slot for Prompt engineering review,Completed Healthy meal prep,Went well: felt restorative; Challenge: staying consistent with Healthy meal prep,Plan: set reminder for tomorrow's Healthy meal prep,Completed Networking outreach,Went well: gathered info; Challenge: decision fatigue on Networking outreach,Plan: list pros/cons for Networking outreach
13-Feb-25,Worked on Generative AI course,Went well: made progress; Challenge: time management on Generative AI course,Plan: allocate focused slot for Generative AI course review,Completed Adequate sleep,Went well: felt restorative; Challenge: staying consistent with Adequate sleep,Plan: set reminder for tomorrow's Adequate sleep,Completed Skill gap analysis,Went well: gathered info; Challenge: decision fatigue on Skill gap analysis,Plan: list pros/cons for Skill gap analysis
14-Feb-25,Worked on DSA practice,Went well: made progress; Challenge: time management on DSA practice,Plan: allocate focused slot for DSA practice review,Completed Meditation,Went well: felt restorative; Challenge: staying consistent with Meditation,Plan: set reminder for tomorrow's Meditation,Completed Internship research,Went well: gathered info; Challenge: decision fatigue on Internship research,Plan: list pros/cons for Internship research
15-Feb-25,Worked on Python project,Went well: made progress; Challenge: time management on Python project,Plan: allocate focused slot for Python project review,Completed Yoga session,Went well: felt restorative; Challenge: staying consistent with Yoga session,Plan: set reminder for tomorrow's Yoga session,Completed University shortlist,Went well: gathered info; Challenge: decision fatigue on University shortlist,Plan: list pros/cons for University shortlist
16-Feb-25,Worked on AI fundamentals,Went well: made progress; Challenge: time management on AI fundamentals,Plan: allocate focused slot for AI fundamentals review,Completed Jogging,Went well: felt restorative; Challenge: staying consistent with Jogging,Plan: set reminder for tomorrow's Jogging,Completed Scholarship options,Went well: gathered info; Challenge: decision fatigue on Scholarship options,Plan: list pros/cons for Scholarship options
17-Feb-25,Worked on LeetCode problems,Went well: made progress; Challenge: time management on LeetCode problems,Plan: allocate focused slot for LeetCode problems review,Completed Journaling,Went well: felt restorative; Challenge: staying consistent with Journaling,Plan: set reminder for tomorrow's Journaling,Completed Resume update,Went well: gathered info; Challenge: decision fatigue on Resume update,Plan: list pros/cons for Resume update
18-Feb-25,Worked on Prompt engineering,Went well: made progress; Challenge: time management on Prompt engineering,Plan: allocate focused slot for Prompt engineering review,Completed Healthy meal prep,Went well: felt restorative; Challenge: staying consistent with Healthy meal prep,Plan: set reminder for tomorrow's Healthy meal prep,Completed Networking outreach,Went well: gathered info; Challenge: decision fatigue on Networking outreach,Plan: list pros/cons for Networking outreach
19-Feb-25,Worked on Generative AI course,Went well: made progress; Challenge: time management on Generative AI course,Plan: allocate focused slot for Generative AI course review,Completed Adequate sleep,Went well: felt restorative; Challenge: staying consistent with Adequate sleep,Plan: set reminder for tomorrow's Adequate sleep,Completed Skill gap analysis,Went well: gathered info; Challenge: decision fatigue on Skill gap analysis,Plan: list pros/cons for Skill gap analysis
,,,,,,,,,
,,,,,,,,,
